Minute,AR,AS,EA,MM,CT,NOF,RC,RF,R1,R2,R3,EB,Variant
1,1,1,0,0,5,3,2,3,R101,R102,R103,00:00,1
2,1,1,0,0,5,3,3,6,R101,R102,R103,00:00,1
3,1,1,0,0,2,3,1,9,R101,R102,R103,00:00,1
4,0,0,1,0,5,3,1,5,R111,R112,R113,1:2,1
5,1,1,1,0,5,3,2,3,R111,R112,R113,4:12:11,1
100,1,1,0,0,5,3,1,2,R111,R112,R113,00:00,1
110,1,1,0,0,5,3,2,3,R101,R102,R103,00:00,2
130,1,1,0,0,5,3,3,6,R101,R102,R103,00:00,2
150,1,1,0,0,2,3,1,9,R101,R102,R103,00:00,2
170,0,0,1,0,5,3,1,5,R111,R112,R113,1:2,2
190,1,1,1,0,5,3,2,3,R111,R112,R113,4:12:11,2
210,1,1,0,0,5,3,1,2,R111,R112,R113,00:00,2
230,1,1,0,0,5,3,1,2,R111,R112,R113,00:00,2
250,1,1,0,0,5,3,2,3,R101,R102,R103,00:00,2
270,1,1,0,0,5,3,3,6,R101,R102,R103,00:00,2
290,1,1,0,0,2,3,1,9,R101,R102,R103,00:00,2
310,0,0,1,0,5,3,1,5,R111,R112,R113,1:2,2
330,1,1,1,0,5,3,2,3,R111,R112,R113,4:12:11,2
350,1,1,0,0,5,3,1,2,R111,R112,R113,00:00,2
370,1,1,0,0,5,3,1,2,R111,R112,R113,00:00,1
390,1,1,0,0,5,3,1,2,R111,R112,R113,00:00,1
410,1,1,0,0,5,3,2,3,R101,R102,R103,00:00,1
430,1,1,0,0,5,3,3,6,R101,R102,R103,00:00,1
450,1,1,0,0,2,3,1,9,R101,R102,R103,00:00,1
470,0,0,1,0,5,3,1,5,R111,R112,R113,1:2,1
490,1,1,1,0,5,3,2,3,R111,R112,R113,4:12:11,1
510,1,1,0,0,5,3,1,2,R111,R112,R113,00:00,1
530,1,1,0,0,5,3,2,3,R101,R102,R103,00:00,1
550,1,1,0,0,5,3,3,6,R101,R102,R103,00:00,1
570,1,1,0,0,2,3,1,9,R101,R102,R103,00:00,1
590,0,0,1,0,5,3,1,5,R111,R112,R113,1:2,1
610,1,1,1,0,5,3,2,3,R111,R112,R113,4:12:11,1
630,1,1,0,0,5,3,1,2,R111,R112,R113,00:00,1
650,1,1,0,0,5,3,2,3,R101,R102,R103,00:00,1
670,1,1,0,0,5,3,3,6,R101,R102,R103,00:00,1
690,1,1,0,0,2,3,1,9,R101,R102,R103,00:00,1
710,0,0,1,0,5,3,1,5,R111,R112,R113,1:2,1
730,1,1,1,0,5,3,2,3,R111,R112,R113,4:12:11,1
750,1,1,0,0,5,3,1,2,R111,R112,R113,00:00,1
770,1,1,0,0,5,3,1,2,R111,R112,R113,00:00,1
790,1,1,0,0,5,3,2,3,R101,R102,R103,00:00,1
810,1,1,0,0,5,3,3,6,R101,R102,R103,00:00,1
830,1,1,0,0,2,3,1,9,R101,R102,R103,00:00,1
850,0,0,1,0,5,3,1,5,R111,R112,R113,1:2,1
870,1,1,1,0,5,3,2,3,R111,R112,R113,4:12:11,1
890,1,1,0,0,5,3,1,2,R111,R112,R113,00:00,1
910,1,1,0,0,5,3,1,2,R111,R112,R113,00:00,1
930,1,1,0,0,5,3,1,2,R111,R112,R113,00:00,1
950,1,1,0,0,5,3,2,3,R101,R102,R103,00:00,1
970,1,1,0,0,5,3,3,6,R101,R102,R103,00:00,1
990,1,1,0,0,2,3,1,9,R101,R102,R103,00:00,1
1010,0,0,1,0,5,3,1,5,R111,R112,R113,1:2,1
1030,1,1,1,0,5,3,2,3,R111,R112,R113,4:12:11,1
1050,1,1,0,0,5,3,1,2,R111,R112,R113,00:00,1
1070,1,1,0,0,5,3,2,3,R101,R102,R103,00:00,1
1090,1,1,0,0,5,3,3,6,R101,R102,R103,00:00,1
1110,1,1,0,0,2,3,1,9,R101,R102,R103,00:00,1
1130,0,0,1,0,5,3,1,5,R111,R112,R113,1:2,1
1150,1,1,1,0,5,3,2,3,R111,R112,R113,4:12:11,1
1170,1,1,0,0,5,3,1,2,R111,R112,R113,00:00,1
1190,1,1,0,0,5,3,2,3,R101,R102,R103,00:00,1
1210,1,1,0,0,5,3,3,6,R101,R102,R103,00:00,1
1230,1,1,0,0,2,3,1,9,R101,R102,R103,00:00,1
1250,0,0,1,0,5,3,1,5,R111,R112,R113,1:2,1
1270,1,1,1,0,5,3,2,3,R111,R112,R113,4:12:11,1
1290,1,1,0,0,5,3,1,2,R111,R112,R113,00:00,1
1310,1,1,0,0,5,3,1,2,R111,R112,R113,00:00,1
1330,1,1,0,0,5,3,2,3,R101,R102,R103,00:00,1
1350,1,1,0,0,5,3,3,6,R101,R102,R103,00:00,1
1370,1,1,0,0,2,3,1,9,R101,R102,R103,00:00,1
1390,0,0,1,0,5,3,1,5,R111,R112,R113,1:2,1
1410,1,1,1,0,5,3,2,3,R111,R112,R113,4:12:11,1
1430,1,1,0,0,5,3,1,2,R111,R112,R113,00:00,1
1450,1,1,0,0,5,3,1,2,R111,R112,R113,00:00,1
1470,1,1,0,0,5,3,1,2,R111,R112,R113,00:00,1
1490,1,1,0,0,5,3,2,3,R101,R102,R103,00:00,1
1510,1,1,0,0,5,3,3,6,R101,R102,R103,00:00,1
1530,1,1,0,0,2,3,1,9,R101,R102,R103,00:00,1
1550,0,0,1,0,5,3,1,5,R111,R112,R113,1:2,1
1570,1,1,1,0,5,3,2,3,R111,R112,R113,4:12:11,1
1590,1,1,0,0,5,3,1,2,R111,R112,R113,00:00,1
1610,1,1,0,0,5,3,2,3,R101,R102,R103,00:00,1
1630,1,1,0,0,5,3,3,6,R101,R102,R103,00:00,1
1650,1,1,0,0,2,3,1,9,R101,R102,R103,00:00,1
1670,0,0,1,0,5,3,1,5,R111,R112,R113,1:2,1
1690,1,1,1,0,5,3,2,3,R111,R112,R113,4:12:11,1
1710,1,1,0,0,5,3,1,2,R111,R112,R113,00:00,1
1730,1,1,0,0,5,3,2,3,R101,R102,R103,00:00,1
1750,1,1,0,0,5,3,3,6,R101,R102,R103,00:00,1
1770,1,1,0,0,2,3,1,9,R101,R102,R103,00:00,1
1790,0,0,1,0,5,3,1,5,R111,R112,R113,1:2,1
1810,1,1,1,0,5,3,2,3,R111,R112,R113,4:12:11,1
1830,1,1,0,0,5,3,1,2,R111,R112,R113,00:00,1
1850,1,1,0,0,5,3,1,2,R111,R112,R113,00:00,1
1870,1,1,0,0,5,3,2,3,R101,R102,R103,00:00,1
1890,1,1,0,0,5,3,3,6,R101,R102,R103,00:00,1
1910,1,1,0,0,2,3,1,9,R101,R102,R103,00:00,1
1930,0,0,1,0,5,3,1,5,R111,R112,R113,1:2,1
1950,1,1,1,0,5,3,2,3,R111,R112,R113,4:12:11,1
1970,1,1,0,0,5,3,1,2,R111,R112,R113,00:00,1
1990,1,1,0,0,5,3,1,2,R111,R112,R113,00:00,1
2010,1,1,0,0,5,3,1,2,R111,R112,R113,00:00,1
2030,1,1,0,0,5,3,2,3,R101,R102,R103,00:00,1
2050,1,1,0,0,5,3,3,6,R101,R102,R103,00:00,1
2070,1,1,0,0,2,3,1,9,R101,R102,R103,00:00,1
2090,0,0,1,0,5,3,1,5,R111,R112,R113,1:2,1
2110,1,1,1,0,5,3,2,3,R111,R112,R113,4:12:11,1
2130,1,1,0,0,5,3,1,2,R111,R112,R113,00:00,1
2150,1,1,0,0,5,3,2,3,R101,R102,R103,00:00,1
2170,1,1,0,0,5,3,3,6,R101,R102,R103,00:00,1
2190,1,1,0,0,2,3,1,9,R101,R102,R103,00:00,1
2210,0,0,1,0,5,3,1,5,R111,R112,R113,1:2,1
2230,1,1,1,0,5,3,2,3,R111,R112,R113,4:12:11,1
2250,1,1,0,0,5,3,1,2,R111,R112,R113,00:00,1
2270,1,1,0,0,5,3,2,3,R101,R102,R103,00:00,1
2290,1,1,0,0,5,3,3,6,R101,R102,R103,00:00,1
2310,1,1,0,0,2,3,1,9,R101,R102,R103,00:00,1
2330,0,0,1,0,5,3,1,5,R111,R112,R113,1:2,1
2350,1,1,1,0,5,3,2,3,R111,R112,R113,4:12:11,1
2370,1,1,0,0,5,3,1,2,R111,R112,R113,00:00,1
2390,1,1,0,0,5,3,1,2,R111,R112,R113,00:00,1
2410,1,1,0,0,5,3,2,3,R101,R102,R103,00:00,1
2430,1,1,0,0,5,3,3,6,R101,R102,R103,00:00,1
2450,1,1,0,0,2,3,1,9,R101,R102,R103,00:00,1
2470,0,0,1,0,5,3,1,5,R111,R112,R113,1:2,1
2490,1,1,1,0,5,3,2,3,R111,R112,R113,4:12:11,1
2510,1,1,0,0,5,3,1,2,R111,R112,R113,00:00,1
2530,1,1,0,0,5,3,1,2,R111,R112,R113,00:00,1
2550,1,1,0,0,5,3,1,2,R111,R112,R113,00:00,1
2570,1,1,0,0,5,3,2,3,R101,R102,R103,00:00,1
2590,1,1,0,0,5,3,3,6,R101,R102,R103,00:00,1
2610,1,1,0,0,2,3,1,9,R101,R102,R103,00:00,1
2630,0,0,1,0,5,3,1,5,R111,R112,R113,1:2,1
2650,1,1,1,0,5,3,2,3,R111,R112,R113,4:12:11,1
2670,1,1,0,0,5,3,1,2,R111,R112,R113,00:00,1
2690,1,1,0,0,5,3,2,3,R101,R102,R103,00:00,1
2710,1,1,0,0,5,3,3,6,R101,R102,R103,00:00,1
2730,1,1,0,0,2,3,1,9,R101,R102,R103,00:00,1
2750,0,0,1,0,5,3,1,5,R111,R112,R113,1:2,1
2770,1,1,1,0,5,3,2,3,R111,R112,R113,4:12:11,1
2790,1,1,0,0,5,3,1,2,R111,R112,R113,00:00,1
2810,1,1,0,0,5,3,2,3,R101,R102,R103,00:00,1
2830,1,1,0,0,5,3,3,6,R101,R102,R103,00:00,1
2850,1,1,0,0,2,3,1,9,R101,R102,R103,00:00,1
2870,0,0,1,0,5,3,1,5,R111,R112,R113,1:2,1
2890,1,1,1,0,5,3,2,3,R111,R112,R113,4:12:11,1
2910,1,1,0,0,5,3,1,2,R111,R112,R113,00:00,1
2930,1,1,0,0,5,3,1,2,R111,R112,R113,00:00,1
2950,1,1,0,0,5,3,2,3,R101,R102,R103,00:00,1
2970,1,1,0,0,5,3,3,6,R101,R102,R103,00:00,1
2990,1,1,0,0,2,3,1,9,R101,R102,R103,00:00,1
3010,0,0,1,0,5,3,1,5,R111,R112,R113,1:2,1
3030,1,1,1,0,5,3,2,3,R111,R112,R113,4:12:11,1
3050,1,1,0,0,5,3,1,2,R111,R112,R113,00:00,1
3070,1,1,0,0,5,3,1,2,R111,R112,R113,00:00,1
3090,1,1,0,0,5,3,1,2,R111,R112,R113,00:00,1
3110,1,1,0,0,5,3,2,3,R101,R102,R103,00:00,1
3130,1,1,0,0,5,3,3,6,R101,R102,R103,00:00,1
3150,1,1,0,0,2,3,1,9,R101,R102,R103,00:00,1
3170,0,0,1,0,5,3,1,5,R111,R112,R113,1:2,1
3190,1,1,1,0,5,3,2,3,R111,R112,R113,4:12:11,1
3210,1,1,0,0,5,3,1,2,R111,R112,R113,00:00,1
3230,1,1,0,0,5,3,2,3,R101,R102,R103,00:00,1
3250,1,1,0,0,5,3,3,6,R101,R102,R103,00:00,1
3270,1,1,0,0,2,3,1,9,R101,R102,R103,00:00,1
3290,0,0,1,0,5,3,1,5,R111,R112,R113,1:2,1
3310,1,1,1,0,5,3,2,3,R111,R112,R113,4:12:11,1
3330,1,1,0,0,5,3,1,2,R111,R112,R113,00:00,1
3350,1,1,0,0,5,3,2,3,R101,R102,R103,00:00,1
3370,1,1,0,0,5,3,3,6,R101,R102,R103,00:00,1
3390,1,1,0,0,2,3,1,9,R101,R102,R103,00:00,1
3410,0,0,1,0,5,3,1,5,R111,R112,R113,1:2,1
3430,1,1,1,0,5,3,2,3,R111,R112,R113,4:12:11,1
3450,1,1,0,0,5,3,1,2,R111,R112,R113,00:00,1
3470,1,1,0,0,5,3,1,2,R111,R112,R113,00:00,1
3490,1,1,0,0,5,3,2,3,R101,R102,R103,00:00,1
3510,1,1,0,0,5,3,3,6,R101,R102,R103,00:00,1
3530,1,1,0,0,2,3,1,9,R101,R102,R103,00:00,1
3550,0,0,1,0,5,3,1,5,R111,R112,R113,1:2,1
3570,1,1,1,0,5,3,2,3,R111,R112,R113,4:12:11,1
3590,1,1,0,0,5,3,1,2,R111,R112,R113,00:00,1
3610,1,1,0,0,5,3,1,2,R111,R112,R113,00:00,1
3630,1,1,0,0,5,3,1,2,R111,R112,R113,00:00,1
3650,1,1,0,0,5,3,2,3,R101,R102,R103,00:00,1
3670,1,1,0,0,5,3,3,6,R101,R102,R103,00:00,1
3690,1,1,0,0,2,3,1,9,R101,R102,R103,00:00,1
3710,0,0,1,0,5,3,1,5,R111,R112,R113,1:2,1
3730,1,1,1,0,5,3,2,3,R111,R112,R113,4:12:11,1
3750,1,1,0,0,5,3,1,2,R111,R112,R113,00:00,1
3770,1,1,0,0,5,3,2,3,R101,R102,R103,00:00,1
3790,1,1,0,0,5,3,3,6,R101,R102,R103,00:00,1
3810,1,1,0,0,2,3,1,9,R101,R102,R103,00:00,1
3830,0,0,1,0,5,3,1,5,R111,R112,R113,1:2,1
3850,1,1,1,0,5,3,2,3,R111,R112,R113,4:12:11,1
3870,1,1,0,0,5,3,1,2,R111,R112,R113,00:00,1
3890,1,1,0,0,5,3,2,3,R101,R102,R103,00:00,1
3910,1,1,0,0,5,3,3,6,R101,R102,R103,00:00,1
3930,1,1,0,0,2,3,1,9,R101,R102,R103,00:00,1
3950,0,0,1,0,5,3,1,5,R111,R112,R113,1:2,1
3970,1,1,1,0,5,3,2,3,R111,R112,R113,4:12:11,1
3990,1,1,0,0,5,3,1,2,R111,R112,R113,00:00,1
4010,1,1,0,0,5,3,1,2,R111,R112,R113,00:00,1
4030,1,1,0,0,5,3,2,3,R101,R102,R103,00:00,1
4050,1,1,0,0,5,3,3,6,R101,R102,R103,00:00,1
4070,1,1,0,0,2,3,1,9,R101,R102,R103,00:00,1
4090,0,0,1,0,5,3,1,5,R111,R112,R113,1:2,1
4110,1,1,1,0,5,3,2,3,R111,R112,R113,4:12:11,1
4130,1,1,0,0,5,3,1,2,R111,R112,R113,00:00,2
4150,1,1,0,0,5,3,1,2,R111,R112,R113,00:00,2
4170,1,1,0,0,5,3,1,2,R111,R112,R113,00:00,2
4190,1,1,0,0,5,3,2,3,R101,R102,R103,00:00,2
4210,1,1,0,0,5,3,3,6,R101,R102,R103,00:00,2
4230,1,1,0,0,2,3,1,9,R101,R102,R103,00:00,2
4250,0,0,1,0,5,3,1,5,R111,R112,R113,1:2,2
4270,1,1,1,0,5,3,2,3,R111,R112,R113,4:12:11,2
4290,1,1,0,0,5,3,1,2,R111,R112,R113,00:00,2
4310,1,1,0,0,5,3,2,3,R101,R102,R103,00:00,2
4330,1,1,0,0,5,3,3,6,R101,R102,R103,00:00,2
4350,1,1,0,0,2,3,1,9,R101,R102,R103,00:00,1
4370,0,0,1,0,5,3,1,5,R111,R112,R113,1:2,1
4390,1,1,1,0,5,3,2,3,R111,R112,R113,4:12:11,1
4410,1,1,0,0,5,3,1,2,R111,R112,R113,00:00,1
4430,1,1,0,0,5,3,2,3,R101,R102,R103,00:00,1
4450,1,1,0,0,5,3,3,6,R101,R102,R103,00:00,1
4470,1,1,0,0,2,3,1,9,R101,R102,R103,00:00,1
4490,0,0,1,0,5,3,1,5,R111,R112,R113,1:2,1
4510,1,1,1,0,5,3,2,3,R111,R112,R113,4:12:11,1
4530,1,1,0,0,5,3,1,2,R111,R112,R113,00:00,1
4550,1,1,0,0,5,3,1,2,R111,R112,R113,00:00,1
4570,1,1,0,0,5,3,2,3,R101,R102,R103,00:00,2
4590,1,1,0,0,5,3,3,6,R101,R102,R103,00:00,2
4610,1,1,0,0,2,3,1,9,R101,R102,R103,00:00,2
4630,0,0,1,0,5,3,1,5,R111,R112,R113,1:2,2
4650,1,1,1,0,5,3,2,3,R111,R112,R113,4:12:11,2
4670,1,1,0,0,5,3,1,2,R111,R112,R113,00:00,2
4690,1,1,0,0,5,3,1,2,R111,R112,R113,00:00,2
4710,1,1,0,0,5,3,1,2,R111,R112,R113,00:00,2
4730,1,1,0,0,5,3,2,3,R101,R102,R103,00:00,2
4750,1,1,0,0,5,3,3,6,R101,R102,R103,00:00,2
4770,1,1,0,0,2,3,1,9,R101,R102,R103,00:00,2
4790,0,0,1,0,5,3,1,5,R111,R112,R113,1:2,2
4810,1,1,1,0,5,3,2,3,R111,R112,R113,4:12:11,1
4830,1,1,0,0,5,3,1,2,R111,R112,R113,00:00,1
4850,1,1,0,0,5,3,2,3,R101,R102,R103,00:00,1
4870,1,1,0,0,5,3,3,6,R101,R102,R103,00:00,1
4890,1,1,0,0,2,3,1,9,R101,R102,R103,00:00,1
4910,0,0,1,0,5,3,1,5,R111,R112,R113,1:2,1
4930,1,1,1,0,5,3,2,3,R111,R112,R113,4:12:11,1
4950,1,1,0,0,5,3,1,2,R111,R112,R113,00:00,1
4970,1,1,0,0,5,3,2,3,R101,R102,R103,00:00,1
4990,1,1,0,0,5,3,3,6,R101,R102,R103,00:00,1
5010,1,1,0,0,2,3,1,9,R101,R102,R103,00:00,1
5030,0,0,1,0,5,3,1,5,R111,R112,R113,1:2,1
5050,1,1,1,0,5,3,2,3,R111,R112,R113,4:12:11,1
5070,1,1,0,0,5,3,1,2,R111,R112,R113,00:00,1
5090,1,1,0,0,5,3,1,2,R111,R112,R113,00:00,1
5110,1,1,0,0,5,3,2,3,R101,R102,R103,00:00,2
5130,1,1,0,0,5,3,3,6,R101,R102,R103,00:00,2
5150,1,1,0,0,2,3,1,9,R101,R102,R103,00:00,2
5170,0,0,1,0,5,3,1,5,R111,R112,R113,1:2,2
5190,1,1,1,0,5,3,2,3,R111,R112,R113,4:12:11,2
5210,1,1,0,0,5,3,1,2,R111,R112,R113,00:00,2
5230,1,1,0,0,5,3,1,2,R111,R112,R113,00:00,2
5250,1,1,0,0,5,3,1,2,R111,R112,R113,00:00,2
5270,1,1,0,0,5,3,2,3,R101,R102,R103,00:00,2
5290,1,1,0,0,5,3,3,6,R101,R102,R103,00:00,2
5310,1,1,0,0,2,3,1,9,R101,R102,R103,00:00,2
5330,0,0,1,0,5,3,1,5,R111,R112,R113,1:2,1
5350,1,1,1,0,5,3,2,3,R111,R112,R113,4:12:11,1
5370,1,1,0,0,5,3,1,2,R111,R112,R113,00:00,1
5390,1,1,0,0,5,3,2,3,R101,R102,R103,00:00,1
5410,1,1,0,0,5,3,3,6,R101,R102,R103,00:00,1
5430,1,1,0,0,2,3,1,9,R101,R102,R103,00:00,1
5450,0,0,1,0,5,3,1,5,R111,R112,R113,1:2,1
5470,1,1,1,0,5,3,2,3,R111,R112,R113,4:12:11,1
5490,1,1,0,0,5,3,1,2,R111,R112,R113,00:00,1
5510,1,1,0,0,5,3,2,3,R101,R102,R103,00:00,1
5530,1,1,0,0,5,3,3,6,R101,R102,R103,00:00,1
5550,1,1,0,0,2,3,1,9,R101,R102,R103,00:00,1
5570,0,0,1,0,5,3,1,5,R111,R112,R113,1:2,1
5590,1,1,1,0,5,3,2,3,R111,R112,R113,4:12:11,1
5610,1,1,0,0,5,3,1,2,R111,R112,R113,00:00,2
5630,1,1,0,0,5,3,1,2,R111,R112,R113,00:00,2
5650,1,1,0,0,5,3,2,3,R101,R102,R103,00:00,2
5670,1,1,0,0,5,3,3,6,R101,R102,R103,00:00,2
5690,1,1,0,0,2,3,1,9,R101,R102,R103,00:00,2
5710,0,0,1,0,5,3,1,5,R111,R112,R113,1:2,2
5730,1,1,1,0,5,3,2,3,R111,R112,R113,4:12:11,2
5750,1,1,0,0,5,3,1,2,R111,R112,R113,00:00,2
5770,1,1,0,0,5,3,1,2,R111,R112,R113,00:00,2
5790,1,1,0,0,5,3,1,2,R111,R112,R113,00:00,2
5810,1,1,0,0,5,3,2,3,R101,R102,R103,00:00,2
5830,1,1,0,0,5,3,3,6,R101,R102,R103,00:00,2
5850,1,1,0,0,2,3,1,9,R101,R102,R103,00:00,1
5870,0,0,1,0,5,3,1,5,R111,R112,R113,1:2,1
5890,1,1,1,0,5,3,2,3,R111,R112,R113,4:12:11,1
5910,1,1,0,0,5,3,1,2,R111,R112,R113,00:00,1
5930,1,1,0,0,5,3,2,3,R101,R102,R103,00:00,1
5950,1,1,0,0,5,3,3,6,R101,R102,R103,00:00,1
5970,1,1,0,0,2,3,1,9,R101,R102,R103,00:00,1
5990,0,0,1,0,5,3,1,5,R111,R112,R113,1:2,1
6010,1,1,1,0,5,3,2,3,R111,R112,R113,4:12:11,1
6030,1,1,0,0,5,3,1,2,R111,R112,R113,00:00,1
6050,1,1,0,0,5,3,2,3,R101,R102,R103,00:00,1
6070,1,1,0,0,5,3,3,6,R101,R102,R103,00:00,2
6090,1,1,0,0,2,3,1,9,R101,R102,R103,00:00,2
6110,0,0,1,0,5,3,1,5,R111,R112,R113,1:2,2
6130,1,1,1,0,5,3,2,3,R111,R112,R113,4:12:11,1
6150,1,1,0,0,5,3,1,2,R111,R112,R113,00:00,1
6170,1,1,0,0,5,3,1,2,R111,R112,R113,00:00,1
6190,1,1,0,0,5,3,2,3,R101,R102,R103,00:00,1
6210,1,1,0,0,5,3,3,6,R101,R102,R103,00:00,1
6230,1,1,0,0,2,3,1,9,R101,R102,R103,00:00,1
6250,0,0,1,0,5,3,1,5,R111,R112,R113,1:2,1
6270,1,1,1,0,5,3,2,3,R111,R112,R113,4:12:11,1
6290,1,1,0,0,5,3,1,2,R111,R112,R113,00:00,1
6310,1,1,0,0,5,3,1,2,R111,R112,R113,00:00,1
6330,1,1,0,0,5,3,1,2,R111,R112,R113,00:00,1
6350,1,1,0,0,5,3,2,3,R101,R102,R103,00:00,1
6370,1,1,0,0,5,3,3,6,R101,R102,R103,00:00,1
6390,1,1,0,0,2,3,1,9,R101,R102,R103,00:00,2
6410,0,0,1,0,5,3,1,5,R111,R112,R113,1:2,2
6430,1,1,1,0,5,3,2,3,R111,R112,R113,4:12:11,2
6450,1,1,0,0,5,3,1,2,R111,R112,R113,00:00,2
6470,1,1,0,0,5,3,2,3,R101,R102,R103,00:00,2
6490,1,1,0,0,5,3,3,6,R101,R102,R103,00:00,2
6510,1,1,0,0,2,3,1,9,R101,R102,R103,00:00,2
6530,0,0,1,0,5,3,1,5,R111,R112,R113,1:2,2
6550,1,1,1,0,5,3,2,3,R111,R112,R113,4:12:11,2
6570,1,1,0,0,5,3,1,2,R111,R112,R113,00:00,2
6590,1,1,0,0,5,3,2,3,R101,R102,R103,00:00,2
6610,1,1,0,0,5,3,3,6,R101,R102,R103,00:00,2
6630,1,1,0,0,2,3,1,9,R101,R102,R103,00:00,2
6650,0,0,1,0,5,3,1,5,R111,R112,R113,1:2,2
6670,1,1,1,0,5,3,2,3,R111,R112,R113,4:12:11,2
6690,1,1,0,0,5,3,1,2,R111,R112,R113,00:00,2
6710,1,1,0,0,5,3,1,2,R111,R112,R113,00:00,2
6730,1,1,0,0,5,3,2,3,R101,R102,R103,00:00,2
6750,1,1,0,0,5,3,3,6,R101,R102,R103,00:00,2
6770,1,1,0,0,2,3,1,9,R101,R102,R103,00:00,2
6790,0,0,1,0,5,3,1,5,R111,R112,R113,1:2,2
6810,1,1,1,0,5,3,2,3,R111,R112,R113,4:12:11,2
6830,1,1,0,0,5,3,1,2,R111,R112,R113,00:00,2
6850,1,1,0,0,5,3,1,2,R111,R112,R113,00:00,2
6870,1,1,0,0,5,3,1,2,R111,R112,R113,00:00,2
6890,1,1,0,0,5,3,2,3,R101,R102,R103,00:00,1
6910,1,1,0,0,5,3,3,6,R101,R102,R103,00:00,1
6930,1,1,0,0,2,3,1,9,R101,R102,R103,00:00,1
6950,0,0,1,0,5,3,1,5,R111,R112,R113,1:2,1
6970,1,1,1,0,5,3,2,3,R111,R112,R113,4:12:11,1
6990,1,1,0,0,5,3,1,2,R111,R112,R113,00:00,1
7010,1,1,0,0,5,3,2,3,R101,R102,R103,00:00,1
7030,1,1,0,0,5,3,3,6,R101,R102,R103,00:00,1
7050,1,1,0,0,2,3,1,9,R101,R102,R103,00:00,1
7070,0,0,1,0,5,3,1,5,R111,R112,R113,1:2,1
7090,1,1,1,0,5,3,2,3,R111,R112,R113,4:12:11,1
7110,1,1,0,0,5,3,1,2,R111,R112,R113,00:00,1
7130,1,1,0,0,5,3,2,3,R101,R102,R103,00:00,1
7150,1,1,0,0,5,3,3,6,R101,R102,R103,00:00,1
7170,1,1,0,0,2,3,1,9,R101,R102,R103,00:00,1
7190,0,0,1,0,5,3,1,5,R111,R112,R113,1:2,1
7210,1,1,1,0,5,3,2,3,R111,R112,R113,4:12:11,1
7230,1,1,0,0,5,3,1,2,R111,R112,R113,00:00,1
7250,1,1,0,0,5,3,1,2,R111,R112,R113,00:00,1
7270,1,1,0,0,5,3,2,3,R101,R102,R103,00:00,1
7290,1,1,0,0,5,3,3,6,R101,R102,R103,00:00,1
7310,1,1,0,0,2,3,1,9,R101,R102,R103,00:00,1
7330,0,0,1,0,5,3,1,5,R111,R112,R113,1:2,1
7350,1,1,1,0,5,3,2,3,R111,R112,R113,4:12:11,1
7370,1,1,0,0,5,3,1,2,R111,R112,R113,00:00,1
7390,1,1,0,0,5,3,1,2,R111,R112,R113,00:00,2
7410,1,1,0,0,5,3,1,2,R111,R112,R113,00:00,2
7430,1,1,0,0,5,3,2,3,R101,R102,R103,00:00,2
7450,1,1,0,0,5,3,3,6,R101,R102,R103,00:00,2
7470,1,1,0,0,2,3,1,9,R101,R102,R103,00:00,2
7490,0,0,1,0,5,3,1,5,R111,R112,R113,1:2,2
7510,1,1,1,0,5,3,2,3,R111,R112,R113,4:12:11,2
7530,1,1,0,0,5,3,1,2,R111,R112,R113,00:00,2
7550,1,1,0,0,5,3,2,3,R101,R102,R103,00:00,2
7570,1,1,0,0,5,3,3,6,R101,R102,R103,00:00,2
7590,1,1,0,0,2,3,1,9,R101,R102,R103,00:00,2
7610,0,0,1,0,5,3,1,5,R111,R112,R113,1:2,2
7630,1,1,1,0,5,3,2,3,R111,R112,R113,4:12:11,1
7650,1,1,0,0,5,3,1,2,R111,R112,R113,00:00,1
7670,1,1,0,0,5,3,2,3,R101,R102,R103,00:00,1
7690,1,1,0,0,5,3,3,6,R101,R102,R103,00:00,1
7710,1,1,0,0,2,3,1,9,R101,R102,R103,00:00,1
7730,0,0,1,0,5,3,1,5,R111,R112,R113,1:2,1
7750,1,1,1,0,5,3,2,3,R111,R112,R113,4:12:11,1
7770,1,1,0,0,5,3,1,2,R111,R112,R113,00:00,1
7790,1,1,0,0,5,3,1,2,R111,R112,R113,00:00,1
7810,1,1,0,0,5,3,2,3,R101,R102,R103,00:00,1
7830,1,1,0,0,5,3,3,6,R101,R102,R103,00:00,1
7850,1,1,0,0,2,3,1,9,R101,R102,R103,00:00,1
7870,0,0,1,0,5,3,1,5,R111,R112,R113,1:2,1
7890,1,1,1,0,5,3,2,3,R111,R112,R113,4:12:11,1
7910,1,1,0,0,5,3,1,2,R111,R112,R113,00:00,1
7930,1,1,0,0,5,3,1,2,R111,R112,R113,00:00,1
7950,1,1,0,0,5,3,1,2,R111,R112,R113,00:00,2
7970,1,1,0,0,5,3,2,3,R101,R102,R103,00:00,2
7990,1,1,0,0,5,3,3,6,R101,R102,R103,00:00,2
8010,1,1,0,0,2,3,1,9,R101,R102,R103,00:00,2
8030,0,0,1,0,5,3,1,5,R111,R112,R113,1:2,2
8050,1,1,1,0,5,3,2,3,R111,R112,R113,4:12:11,2
8070,1,1,0,0,5,3,1,2,R111,R112,R113,00:00,2
8090,1,1,0,0,5,3,2,3,R101,R102,R103,00:00,2
8110,1,1,0,0,5,3,3,6,R101,R102,R103,00:00,2
8130,1,1,0,0,2,3,1,9,R101,R102,R103,00:00,2
8150,0,0,1,0,5,3,1,5,R111,R112,R113,1:2,2
8170,1,1,1,0,5,3,2,3,R111,R112,R113,4:12:11,2
8190,1,1,0,0,5,3,1,2,R111,R112,R113,00:00,2
8210,1,1,0,0,5,3,2,3,R101,R102,R103,00:00,2
8230,1,1,0,0,5,3,3,6,R101,R102,R103,00:00,2
8250,1,1,0,0,2,3,1,9,R101,R102,R103,00:00,2
8270,0,0,1,0,5,3,1,5,R111,R112,R113,1:2,2
8290,1,1,1,0,5,3,2,3,R111,R112,R113,4:12:11,2
8310,1,1,0,0,5,3,1,2,R111,R112,R113,00:00,2
8330,1,1,0,0,5,3,1,2,R111,R112,R113,00:00,2
8350,1,1,0,0,5,3,2,3,R101,R102,R103,00:00,2
8370,1,1,0,0,5,3,3,6,R101,R102,R103,00:00,2
8390,1,1,0,0,2,3,1,9,R101,R102,R103,00:00,1
8410,0,0,1,0,5,3,1,5,R111,R112,R113,1:2,1
8430,1,1,1,0,5,3,2,3,R111,R112,R113,4:12:11,1
8450,1,1,0,0,5,3,1,2,R111,R112,R113,00:00,1
8470,1,1,0,0,5,3,1,2,R111,R112,R113,00:00,1
8490,1,1,0,0,5,3,1,2,R111,R112,R113,00:00,1
8510,1,1,0,0,5,3,2,3,R101,R102,R103,00:00,1
8530,1,1,0,0,5,3,3,6,R101,R102,R103,00:00,1
8550,1,1,0,0,2,3,1,9,R101,R102,R103,00:00,2
8570,0,0,1,0,5,3,1,5,R111,R112,R113,1:2,2
8590,1,1,1,0,5,3,2,3,R111,R112,R113,4:12:11,2
8610,1,1,0,0,5,3,1,2,R111,R112,R113,00:00,2
8630,1,1,0,0,5,3,2,3,R101,R102,R103,00:00,2
8650,1,1,0,0,5,3,3,6,R101,R102,R103,00:00,2
8670,1,1,0,0,2,3,1,9,R101,R102,R103,00:00,2
8690,0,0,1,0,5,3,1,5,R111,R112,R113,1:2,2
8710,1,1,1,0,5,3,2,3,R111,R112,R113,4:12:11,2
8730,1,1,0,0,5,3,1,2,R111,R112,R113,00:00,2
8750,1,1,0,0,5,3,2,3,R101,R102,R103,00:00,2
8770,1,1,0,0,5,3,3,6,R101,R102,R103,00:00,1
8790,1,1,0,0,2,3,1,9,R101,R102,R103,00:00,1
8810,0,0,1,0,5,3,1,5,R111,R112,R113,1:2,1
8830,1,1,1,0,5,3,2,3,R111,R112,R113,4:12:11,1
8850,1,1,0,0,5,3,1,2,R111,R112,R113,00:00,1
8870,1,1,0,0,5,3,1,2,R111,R112,R113,00:00,1
8890,1,1,0,0,5,3,2,3,R101,R102,R103,00:00,1
8910,1,1,0,0,5,3,3,6,R101,R102,R103,00:00,1
8930,1,1,0,0,2,3,1,9,R101,R102,R103,00:00,1
8950,0,0,1,0,5,3,1,5,R111,R112,R113,1:2,1
8970,1,1,1,0,5,3,2,3,R111,R112,R113,4:12:11,1
8990,1,1,0,0,5,3,1,2,R111,R112,R113,00:00,1
9010,1,1,0,0,5,3,1,2,R111,R112,R113,00:00,1
9030,1,1,0,0,5,3,1,2,R111,R112,R113,00:00,1
9050,1,1,0,0,5,3,2,3,R101,R102,R103,00:00,1
9070,1,1,0,0,5,3,3,6,R101,R102,R103,00:00,1
9090,1,1,0,0,2,3,1,9,R101,R102,R103,00:00,1
9110,0,0,1,0,5,3,1,5,R111,R112,R113,1:2,2
9130,1,1,1,0,5,3,2,3,R111,R112,R113,4:12:11,2
9150,1,1,0,0,5,3,1,2,R111,R112,R113,00:00,2
9170,1,1,0,0,5,3,2,3,R101,R102,R103,00:00,2
9190,1,1,0,0,5,3,3,6,R101,R102,R103,00:00,2
9210,1,1,0,0,2,3,1,9,R101,R102,R103,00:00,2
9230,0,0,1,0,5,3,1,5,R111,R112,R113,1:2,2
9250,1,1,1,0,5,3,2,3,R111,R112,R113,4:12:11,2
9270,1,1,0,0,5,3,1,2,R111,R112,R113,00:00,2
9290,1,1,0,0,5,3,2,3,R101,R102,R103,00:00,2
9310,1,1,0,0,5,3,3,6,R101,R102,R103,00:00,2
9330,1,1,0,0,2,3,1,9,R101,R102,R103,00:00,2
9350,0,0,1,0,5,3,1,5,R111,R112,R113,1:2,2
9370,1,1,1,0,5,3,2,3,R111,R112,R113,4:12:11,2
9390,1,1,0,0,5,3,1,2,R111,R112,R113,00:00,1
9410,1,1,0,0,5,3,1,2,R111,R112,R113,00:00,1
9430,1,1,0,0,5,3,2,3,R101,R102,R103,00:00,1
9450,1,1,0,0,5,3,3,6,R101,R102,R103,00:00,1
9470,1,1,0,0,2,3,1,9,R101,R102,R103,00:00,1
9490,0,0,1,0,5,3,1,5,R111,R112,R113,1:2,1
9510,1,1,1,0,5,3,2,3,R111,R112,R113,4:12:11,1
9530,1,1,0,0,5,3,1,2,R111,R112,R113,00:00,1
9550,1,1,0,0,5,3,1,2,R111,R112,R113,00:00,1
9570,1,1,0,0,5,3,1,2,R111,R112,R113,00:00,1
9590,1,1,0,0,5,3,2,3,R101,R102,R103,00:00,1
9610,1,1,0,0,5,3,3,6,R101,R102,R103,00:00,1
9630,1,1,0,0,2,3,1,9,R101,R102,R103,00:00,1
9650,0,0,1,0,5,3,1,5,R111,R112,R113,1:2,1
9670,1,1,1,0,5,3,2,3,R111,R112,R113,4:12:11,2
9690,1,1,0,0,5,3,1,2,R111,R112,R113,00:00,2
9710,1,1,0,0,5,3,2,3,R101,R102,R103,00:00,2
9730,1,1,0,0,5,3,3,6,R101,R102,R103,00:00,2
9750,1,1,0,0,2,3,1,9,R101,R102,R103,00:00,2
9770,0,0,1,0,5,3,1,5,R111,R112,R113,1:2,2
9790,1,1,1,0,5,3,2,3,R111,R112,R113,4:12:11,2
9810,1,1,0,0,5,3,1,2,R111,R112,R113,00:00,2
9830,1,1,0,0,5,3,2,3,R101,R102,R103,00:00,2
9850,1,1,0,0,5,3,3,6,R101,R102,R103,00:00,2
9870,1,1,0,0,2,3,1,9,R101,R102,R103,00:00,2
9890,0,0,1,0,5,3,1,5,R111,R112,R113,1:2,2
9910,1,1,1,0,5,3,2,3,R111,R112,R113,4:12:11,1
9930,1,1,0,0,5,3,1,2,R111,R112,R113,00:00,1
9950,1,1,0,0,5,3,1,2,R111,R112,R113,00:00,1
9970,1,1,0,0,5,3,2,3,R101,R102,R103,00:00,1
9990,1,1,0,0,5,3,3,6,R101,R102,R103,00:00,1
10010,1,1,0,0,2,3,1,9,R101,R102,R103,00:00,1
10030,0,0,1,0,5,3,1,5,R111,R112,R113,1:2,1
10050,1,1,1,0,5,3,2,3,R111,R112,R113,4:12:11,1
10070,1,1,0,0,5,3,1,2,R111,R112,R113,00:00,1
10090,1,1,0,0,5,3,1,2,R111,R112,R113,00:00,1
10110,1,1,0,0,5,3,1,2,R111,R112,R113,00:00,1
10130,1,1,0,0,5,3,2,3,R101,R102,R103,00:00,1
10150,1,1,0,0,5,3,3,6,R101,R102,R103,00:00,1
10170,1,1,0,0,2,3,1,9,R101,R102,R103,00:00,1
10190,0,0,1,0,5,3,1,5,R111,R112,R113,1:2,1
10210,1,1,1,0,5,3,2,3,R111,R112,R113,4:12:11,1
10230,1,1,0,0,5,3,1,2,R111,R112,R113,00:00,1
10250,1,1,0,0,5,3,2,3,R101,R102,R103,00:00,1
10270,1,1,0,0,5,3,3,6,R101,R102,R103,00:00,1
10290,1,1,0,0,2,3,1,9,R101,R102,R103,00:00,1
10310,0,0,1,0,5,3,1,5,R111,R112,R113,1:2,1
10330,1,1,1,0,5,3,2,3,R111,R112,R113,4:12:11,1
10350,1,1,0,0,5,3,1,2,R111,R112,R113,00:00,1
10370,1,1,0,0,5,3,2,3,R101,R102,R103,00:00,1
10390,1,1,0,0,5,3,3,6,R101,R102,R103,00:00,2
10410,1,1,0,0,2,3,1,9,R101,R102,R103,00:00,2
10430,0,0,1,0,5,3,1,5,R111,R112,R113,1:2,2
10450,1,1,1,0,5,3,2,3,R111,R112,R113,4:12:11,2
10470,1,1,0,0,5,3,1,2,R111,R112,R113,00:00,2
10490,1,1,0,0,5,3,1,2,R111,R112,R113,00:00,2
10510,1,1,0,0,5,3,2,3,R101,R102,R103,00:00,2
10530,1,1,0,0,5,3,3,6,R101,R102,R103,00:00,2
10550,1,1,0,0,2,3,1,9,R101,R102,R103,00:00,2
10570,0,0,1,0,5,3,1,5,R111,R112,R113,1:2,2
10590,1,1,1,0,5,3,2,3,R111,R112,R113,4:12:11,1
10610,1,1,0,0,5,3,1,2,R111,R112,R113,00:00,1
10630,1,1,0,0,5,3,1,2,R111,R112,R113,00:00,1
10650,1,1,0,0,5,3,1,2,R111,R112,R113,00:00,1
10670,1,1,0,0,5,3,2,3,R101,R102,R103,00:00,1
10690,1,1,0,0,5,3,3,6,R101,R102,R103,00:00,1
10710,1,1,0,0,2,3,1,9,R101,R102,R103,00:00,1
10730,0,0,1,0,5,3,1,5,R111,R112,R113,1:2,1
10750,1,1,1,0,5,3,2,3,R111,R112,R113,4:12:11,2
10770,1,1,0,0,5,3,1,2,R111,R112,R113,00:00,2
10790,1,1,0,0,5,3,2,3,R101,R102,R103,00:00,2
10810,1,1,0,0,5,3,3,6,R101,R102,R103,00:00,2
10830,1,1,0,0,2,3,1,9,R101,R102,R103,00:00,2
10850,0,0,1,0,5,3,1,5,R111,R112,R113,1:2,2
10870,1,1,1,0,5,3,2,3,R111,R112,R113,4:12:11,2
10890,1,1,0,0,5,3,1,2,R111,R112,R113,00:00,2
10910,1,1,0,0,5,3,2,3,R101,R102,R103,00:00,2
10930,1,1,0,0,5,3,3,6,R101,R102,R103,00:00,2
10950,1,1,0,0,2,3,1,9,R101,R102,R103,00:00,1
10970,0,0,1,0,5,3,1,5,R111,R112,R113,1:2,1
10990,1,1,1,0,5,3,2,3,R111,R112,R113,4:12:11,1
11010,1,1,0,0,5,3,1,2,R111,R112,R113,00:00,1
11030,1,1,0,0,5,3,1,2,R111,R112,R113,00:00,1
11050,1,1,0,0,5,3,2,3,R101,R102,R103,00:00,2
11070,1,1,0,0,5,3,3,6,R101,R102,R103,00:00,2
11090,1,1,0,0,2,3,1,9,R101,R102,R103,00:00,2
11110,0,0,1,0,5,3,1,5,R111,R112,R113,1:2,2
11130,1,1,1,0,5,3,2,3,R111,R112,R113,4:12:11,2
11150,1,1,0,0,5,3,1,2,R111,R112,R113,00:00,2
11170,1,1,0,0,5,3,1,2,R111,R112,R113,00:00,2
11190,1,1,0,0,5,3,1,2,R111,R112,R113,00:00,2
11210,1,1,0,0,5,3,2,3,R101,R102,R103,00:00,2
11230,1,1,0,0,5,3,3,6,R101,R102,R103,00:00,2
11250,1,1,0,0,2,3,1,9,R101,R102,R103,00:00,1
11270,0,0,1,0,5,3,1,5,R111,R112,R113,1:2,1
11290,1,1,1,0,5,3,2,3,R111,R112,R113,4:12:11,1
11310,1,1,0,0,5,3,1,2,R111,R112,R113,00:00,1
11330,1,1,0,0,5,3,2,3,R101,R102,R103,00:00,1
11350,1,1,0,0,5,3,3,6,R101,R102,R103,00:00,1
11370,1,1,0,0,2,3,1,9,R101,R102,R103,00:00,1
11390,0,0,1,0,5,3,1,5,R111,R112,R113,1:2,1
11410,1,1,1,0,5,3,2,3,R111,R112,R113,4:12:11,1
11430,1,1,0,0,5,3,1,2,R111,R112,R113,00:00,1
11450,1,1,0,0,5,3,2,3,R101,R102,R103,00:00,1
11470,1,1,0,0,5,3,3,6,R101,R102,R103,00:00,1
11490,1,1,0,0,2,3,1,9,R101,R102,R103,00:00,1
11510,0,0,1,0,5,3,1,5,R111,R112,R113,1:2,2
11530,1,1,1,0,5,3,2,3,R111,R112,R113,4:12:11,2
11550,1,1,0,0,5,3,1,2,R111,R112,R113,00:00,2
11570,1,1,0,0,5,3,1,2,R111,R112,R113,00:00,2
11590,1,1,0,0,5,3,2,3,R101,R102,R103,00:00,2
11610,1,1,0,0,5,3,3,6,R101,R102,R103,00:00,2
11630,1,1,0,0,2,3,1,9,R101,R102,R103,00:00,2
11650,0,0,1,0,5,3,1,5,R111,R112,R113,1:2,2
11670,1,1,1,0,5,3,2,3,R111,R112,R113,4:12:11,2
11690,1,1,0,0,5,3,1,2,R111,R112,R113,00:00,2
11710,1,1,0,0,5,3,1,2,R111,R112,R113,00:00,1
11730,1,1,0,0,5,3,1,2,R111,R112,R113,00:00,1
11750,1,1,0,0,5,3,2,3,R101,R102,R103,00:00,1
11770,1,1,0,0,5,3,3,6,R101,R102,R103,00:00,1
11790,1,1,0,0,2,3,1,9,R101,R102,R103,00:00,1
11810,0,0,1,0,5,3,1,5,R111,R112,R113,1:2,1
11830,1,1,1,0,5,3,2,3,R111,R112,R113,4:12:11,1
11850,1,1,0,0,5,3,1,2,R111,R112,R113,00:00,1
11870,1,1,0,0,5,3,2,3,R101,R102,R103,00:00,1
11890,1,1,0,0,5,3,3,6,R101,R102,R103,00:00,1
11910,1,1,0,0,2,3,1,9,R101,R102,R103,00:00,1
11930,0,0,1,0,5,3,1,5,R111,R112,R113,1:2,1
11950,1,1,1,0,5,3,2,3,R111,R112,R113,4:12:11,1
11970,1,1,0,0,5,3,1,2,R111,R112,R113,00:00,1
11990,1,1,0,0,5,3,2,3,R101,R102,R103,00:00,2
12010,1,1,0,0,5,3,3,6,R101,R102,R103,00:00,2
12030,1,1,0,0,2,3,1,9,R101,R102,R103,00:00,2
12050,0,0,1,0,5,3,1,5,R111,R112,R113,1:2,2
12070,1,1,1,0,5,3,2,3,R111,R112,R113,4:12:11,2
12090,1,1,0,0,5,3,1,2,R111,R112,R113,00:00,2
12110,1,1,0,0,5,3,1,2,R111,R112,R113,00:00,2
12130,1,1,0,0,5,3,2,3,R101,R102,R103,00:00,2
12150,1,1,0,0,5,3,3,6,R101,R102,R103,00:00,2
12170,1,1,0,0,2,3,1,9,R101,R102,R103,00:00,2
12190,0,0,1,0,5,3,1,5,R111,R112,R113,1:2,2
12210,1,1,1,0,5,3,2,3,R111,R112,R113,4:12:11,2
12230,1,1,0,0,5,3,1,2,R111,R112,R113,00:00,2
12250,1,1,0,0,5,3,1,2,R111,R112,R113,00:00,2
12270,1,1,0,0,5,3,1,2,R111,R112,R113,00:00,2
12290,1,1,0,0,5,3,2,3,R101,R102,R103,00:00,2
12310,1,1,0,0,5,3,3,6,R101,R102,R103,00:00,2
12330,1,1,0,0,2,3,1,9,R101,R102,R103,00:00,2
12350,0,0,1,0,5,3,1,5,R111,R112,R113,1:2,2
12370,1,1,1,0,5,3,2,3,R111,R112,R113,4:12:11,2
12390,1,1,0,0,5,3,1,2,R111,R112,R113,00:00,2
12410,1,1,0,0,5,3,2,3,R101,R102,R103,00:00,2
12430,1,1,0,0,5,3,3,6,R101,R102,R103,00:00,2
12450,1,1,0,0,2,3,1,9,R101,R102,R103,00:00,2
12470,0,0,1,0,5,3,1,5,R111,R112,R113,1:2,2
12490,1,1,1,0,5,3,2,3,R111,R112,R113,4:12:11,1
12510,1,1,0,0,5,3,1,2,R111,R112,R113,00:00,1
12530,1,1,0,0,5,3,2,3,R101,R102,R103,00:00,1
12550,1,1,0,0,5,3,3,6,R101,R102,R103,00:00,1
12570,1,1,0,0,2,3,1,9,R101,R102,R103,00:00,1
12590,0,0,1,0,5,3,1,5,R111,R112,R113,1:2,1
12610,1,1,1,0,5,3,2,3,R111,R112,R113,4:12:11,2
12630,1,1,0,0,5,3,1,2,R111,R112,R113,00:00,2
12650,1,1,0,0,5,3,1,2,R111,R112,R113,00:00,2
12670,1,1,0,0,5,3,2,3,R101,R102,R103,00:00,2
12690,1,1,0,0,5,3,3,6,R101,R102,R103,00:00,2
12710,1,1,0,0,2,3,1,9,R101,R102,R103,00:00,2
12730,0,0,1,0,5,3,1,5,R111,R112,R113,1:2,2
12750,1,1,1,0,5,3,2,3,R111,R112,R113,4:12:11,2
12770,1,1,0,0,5,3,1,2,R111,R112,R113,00:00,2
12790,1,1,0,0,5,3,1,2,R111,R112,R113,00:00,2
12810,1,1,0,0,5,3,1,2,R111,R112,R113,00:00,2
12830,1,1,0,0,5,3,2,3,R101,R102,R103,00:00,2
12850,1,1,0,0,5,3,3,6,R101,R102,R103,00:00,2
12870,1,1,0,0,2,3,1,9,R101,R102,R103,00:00,2
12890,0,0,1,0,5,3,1,5,R111,R112,R113,1:2,2
12910,1,1,1,0,5,3,2,3,R111,R112,R113,4:12:11,2
12930,1,1,0,0,5,3,1,2,R111,R112,R113,00:00,2
12950,1,1,0,0,5,3,2,3,R101,R102,R103,00:00,2
12970,1,1,0,0,5,3,3,6,R101,R102,R103,00:00,2
12990,1,1,0,0,2,3,1,9,R101,R102,R103,00:00,2
13010,0,0,1,0,5,3,1,5,R111,R112,R113,1:2,1
13030,1,1,1,0,5,3,2,3,R111,R112,R113,4:12:11,1
13050,1,1,0,0,5,3,1,2,R111,R112,R113,00:00,1
13070,1,1,0,0,5,3,2,3,R101,R102,R103,00:00,1
13090,1,1,0,0,5,3,3,6,R101,R102,R103,00:00,1
13110,1,1,0,0,2,3,1,9,R101,R102,R103,00:00,1
13130,0,0,1,0,5,3,1,5,R111,R112,R113,1:2,1
13150,1,1,1,0,5,3,2,3,R111,R112,R113,4:12:11,1
13170,1,1,0,0,5,3,1,2,R111,R112,R113,00:00,1
13190,1,1,0,0,5,3,1,2,R111,R112,R113,00:00,2
13210,1,1,0,0,5,3,2,3,R101,R102,R103,00:00,2
13230,1,1,0,0,5,3,3,6,R101,R102,R103,00:00,2
13250,1,1,0,0,2,3,1,9,R101,R102,R103,00:00,2
13270,0,0,1,0,5,3,1,5,R111,R112,R113,1:2,2
13290,1,1,1,0,5,3,2,3,R111,R112,R113,4:12:11,2
13310,1,1,0,0,5,3,1,2,R111,R112,R113,00:00,2
13330,1,1,0,0,5,3,1,2,R111,R112,R113,00:00,2
13350,1,1,0,0,5,3,1,2,R111,R112,R113,00:00,2
13370,1,1,0,0,5,3,2,3,R101,R102,R103,00:00,2
13390,1,1,0,0,5,3,3,6,R101,R102,R103,00:00,2
13410,1,1,0,0,2,3,1,9,R101,R102,R103,00:00,2
13430,0,0,1,0,5,3,1,5,R111,R112,R113,1:2,2
13450,1,1,1,0,5,3,2,3,R111,R112,R113,4:12:11,2
13470,1,1,0,0,5,3,1,2,R111,R112,R113,00:00,2
13490,1,1,0,0,5,3,2,3,R101,R102,R103,00:00,2
13510,1,1,0,0,5,3,3,6,R101,R102,R103,00:00,2
13530,1,1,0,0,2,3,1,9,R101,R102,R103,00:00,2
13550,0,0,1,0,5,3,1,5,R111,R112,R113,1:2,2
13570,1,1,1,0,5,3,2,3,R111,R112,R113,4:12:11,2
13590,1,1,0,0,5,3,1,2,R111,R112,R113,00:00,1
13610,1,1,0,0,5,3,2,3,R101,R102,R103,00:00,1
13630,1,1,0,0,5,3,3,6,R101,R102,R103,00:00,1
13650,1,1,0,0,2,3,1,9,R101,R102,R103,00:00,1
13670,0,0,1,0,5,3,1,5,R111,R112,R113,1:2,1
13690,1,1,1,0,5,3,2,3,R111,R112,R113,4:12:11,1
13710,1,1,0,0,5,3,1,2,R111,R112,R113,00:00,1
13730,1,1,0,0,5,3,1,2,R111,R112,R113,00:00,2
13750,1,1,0,0,5,3,2,3,R101,R102,R103,00:00,2
13770,1,1,0,0,5,3,3,6,R101,R102,R103,00:00,2
13790,1,1,0,0,2,3,1,9,R101,R102,R103,00:00,2
13810,0,0,1,0,5,3,1,5,R111,R112,R113,1:2,2
13830,1,1,1,0,5,3,2,3,R111,R112,R113,4:12:11,2
13850,1,1,0,0,5,3,1,2,R111,R112,R113,00:00,2
13870,1,1,0,0,5,3,1,2,R111,R112,R113,00:00,2
13890,1,1,0,0,5,3,1,2,R111,R112,R113,00:00,2
13910,1,1,0,0,5,3,2,3,R101,R102,R103,00:00,2
13930,1,1,0,0,5,3,3,6,R101,R102,R103,00:00,2
13950,1,1,0,0,2,3,1,9,R101,R102,R103,00:00,2
13970,0,0,1,0,5,3,1,5,R111,R112,R113,1:2,2
13990,1,1,1,0,5,3,2,3,R111,R112,R113,4:12:11,2
14010,1,1,0,0,5,3,1,2,R111,R112,R113,00:00,2
14030,1,1,0,0,5,3,2,3,R101,R102,R103,00:00,2
14050,1,1,0,0,5,3,3,6,R101,R102,R103,00:00,2
14070,1,1,0,0,2,3,1,9,R101,R102,R103,00:00,2
14090,0,0,1,0,5,3,1,5,R111,R112,R113,1:2,2
14110,1,1,1,0,5,3,2,3,R111,R112,R113,4:12:11,2
14130,1,1,0,0,5,3,1,2,R111,R112,R113,00:00,1
14150,1,1,0,0,5,3,2,3,R101,R102,R103,00:00,1
14170,1,1,0,0,5,3,3,6,R101,R102,R103,00:00,1
14190,1,1,0,0,2,3,1,9,R101,R102,R103,00:00,1
14210,0,0,1,0,5,3,1,5,R111,R112,R113,1:2,1
14230,1,1,1,0,5,3,2,3,R111,R112,R113,4:12:11,1
14250,1,1,0,0,5,3,1,2,R111,R112,R113,00:00,1
14270,1,1,0,0,5,3,1,2,R111,R112,R113,00:00,1
14290,1,1,0,0,5,3,2,3,R101,R102,R103,00:00,1
14310,1,1,0,0,5,3,3,6,R101,R102,R103,00:00,1
14330,1,1,0,0,2,3,1,9,R101,R102,R103,00:00,2
14350,0,0,1,0,5,3,1,5,R111,R112,R113,1:2,2
14370,1,1,1,0,5,3,2,3,R111,R112,R113,4:12:11,2
14390,1,1,0,0,5,3,1,2,R111,R112,R113,00:00,2
14410,1,1,0,0,5,3,1,2,R111,R112,R113,00:00,2
14430,1,1,0,0,5,3,1,2,R111,R112,R113,00:00,2
14450,1,1,0,0,5,3,2,3,R101,R102,R103,00:00,2
14470,1,1,0,0,5,3,3,6,R101,R102,R103,00:00,2
14490,1,1,0,0,2,3,1,9,R101,R102,R103,00:00,2
14510,0,0,1,0,5,3,1,5,R111,R112,R113,1:2,2
14530,1,1,1,0,5,3,2,3,R111,R112,R113,4:12:11,2
14550,1,1,0,0,5,3,1,2,R111,R112,R113,00:00,2
14570,1,1,0,0,5,3,2,3,R101,R102,R103,00:00,2
14590,1,1,0,0,5,3,3,6,R101,R102,R103,00:00,2
14610,1,1,0,0,2,3,1,9,R101,R102,R103,00:00,2
14630,0,0,1,0,5,3,1,5,R111,R112,R113,1:2,2
14650,1,1,1,0,5,3,2,3,R111,R112,R113,4:12:11,2
14670,1,1,0,0,5,3,1,2,R111,R112,R113,00:00,2
14690,1,1,0,0,5,3,2,3,R101,R102,R103,00:00,2
14710,1,1,0,0,5,3,3,6,R101,R102,R103,00:00,2
14730,1,1,0,0,2,3,1,9,R101,R102,R103,00:00,1
14750,0,0,1,0,5,3,1,5,R111,R112,R113,1:2,1
14770,1,1,1,0,5,3,2,3,R111,R112,R113,4:12:11,1
14790,1,1,0,0,5,3,1,2,R111,R112,R113,00:00,1
14810,1,1,0,0,5,3,1,2,R111,R112,R113,00:00,1
14830,1,1,0,0,5,3,2,3,R101,R102,R103,00:00,1
14850,1,1,0,0,5,3,3,6,R101,R102,R103,00:00,1
14870,1,1,0,0,2,3,1,9,R101,R102,R103,00:00,1
14890,0,0,1,0,5,3,1,5,R111,R112,R113,1:2,1
14910,1,1,1,0,5,3,2,3,R111,R112,R113,4:12:11,1
14930,1,1,0,0,5,3,1,2,R111,R112,R113,00:00,1
14950,1,1,0,0,5,3,1,2,R111,R112,R113,00:00,1
14970,1,1,0,0,5,3,1,2,R111,R112,R113,00:00,1
14990,1,1,0,0,5,3,2,3,R101,R102,R103,00:00,1
15010,1,1,0,0,5,3,3,6,R101,R102,R103,00:00,1
15030,1,1,0,0,2,3,1,9,R101,R102,R103,00:00,1
15050,0,0,1,0,5,3,1,5,R111,R112,R113,1:2,1
15070,1,1,1,0,5,3,2,3,R111,R112,R113,4:12:11,1
15090,1,1,0,0,5,3,1,2,R111,R112,R113,00:00,2
15110,1,1,0,0,5,3,2,3,R101,R102,R103,00:00,2
15130,1,1,0,0,5,3,3,6,R101,R102,R103,00:00,2
15150,1,1,0,0,2,3,1,9,R101,R102,R103,00:00,2
15170,0,0,1,0,5,3,1,5,R111,R112,R113,1:2,2
15190,1,1,1,0,5,3,2,3,R111,R112,R113,4:12:11,2
15210,1,1,0,0,5,3,1,2,R111,R112,R113,00:00,2
15230,1,1,0,0,5,3,2,3,R101,R102,R103,00:00,2
15250,1,1,0,0,5,3,3,6,R101,R102,R103,00:00,2
15270,1,1,0,0,2,3,1,9,R101,R102,R103,00:00,2
15290,0,0,1,0,5,3,1,5,R111,R112,R113,1:2,2
15310,1,1,1,0,5,3,2,3,R111,R112,R113,4:12:11,2
15330,1,1,0,0,5,3,1,2,R111,R112,R113,00:00,2
15350,1,1,0,0,5,3,1,2,R111,R112,R113,00:00,2
15370,1,1,0,0,5,3,2,3,R101,R102,R103,00:00,2
15390,1,1,0,0,5,3,3,6,R101,R102,R103,00:00,2
15410,1,1,0,0,2,3,1,9,R101,R102,R103,00:00,2
15430,0,0,1,0,5,3,1,5,R111,R112,R113,1:2,2
15450,1,1,1,0,5,3,2,3,R111,R112,R113,4:12:11,2
15470,1,1,0,0,5,3,1,2,R111,R112,R113,00:00,2
15490,1,1,0,0,5,3,1,2,R111,R112,R113,00:00,1
15510,1,1,0,0,5,3,1,2,R111,R112,R113,00:00,1
15530,1,1,0,0,5,3,2,3,R101,R102,R103,00:00,1
15550,1,1,0,0,5,3,3,6,R101,R102,R103,00:00,1
15570,1,1,0,0,2,3,1,9,R101,R102,R103,00:00,1
15590,0,0,1,0,5,3,1,5,R111,R112,R113,1:2,1
15610,1,1,1,0,5,3,2,3,R111,R112,R113,4:12:11,1
15630,1,1,0,0,5,3,1,2,R111,R112,R113,00:00,1
15650,1,1,0,0,5,3,2,3,R101,R102,R103,00:00,1
15670,1,1,0,0,5,3,3,6,R101,R102,R103,00:00,1
15690,1,1,0,0,2,3,1,9,R101,R102,R103,00:00,1
15710,0,0,1,0,5,3,1,5,R111,R112,R113,1:2,1
15730,1,1,1,0,5,3,2,3,R111,R112,R113,4:12:11,1
15750,1,1,0,0,5,3,1,2,R111,R112,R113,00:00,1
15770,1,1,0,0,5,3,2,3,R101,R102,R103,00:00,1
15790,1,1,0,0,5,3,3,6,R101,R102,R103,00:00,1
15810,1,1,0,0,2,3,1,9,R101,R102,R103,00:00,1
15830,0,0,1,0,5,3,1,5,R111,R112,R113,1:2,1
15850,1,1,1,0,5,3,2,3,R111,R112,R113,4:12:11,1
15870,1,1,0,0,5,3,1,2,R111,R112,R113,00:00,1
15890,1,1,0,0,5,3,1,2,R111,R112,R113,00:00,1
15910,1,1,0,0,5,3,2,3,R101,R102,R103,00:00,1
15930,1,1,0,0,5,3,3,6,R101,R102,R103,00:00,1
15950,1,1,0,0,2,3,1,9,R101,R102,R103,00:00,1
15970,0,0,1,0,5,3,1,5,R111,R112,R113,1:2,1
15990,1,1,1,0,5,3,2,3,R111,R112,R113,4:12:11,1
16010,1,1,0,0,5,3,1,2,R111,R112,R113,00:00,1
16030,1,1,0,0,5,3,1,2,R111,R112,R113,00:00,1
16050,1,1,0,0,5,3,1,2,R111,R112,R113,00:00,1
16070,1,1,0,0,5,3,2,3,R101,R102,R103,00:00,1
16090,1,1,0,0,5,3,3,6,R101,R102,R103,00:00,2
16110,1,1,0,0,2,3,1,9,R101,R102,R103,00:00,2
16130,0,0,1,0,5,3,1,5,R111,R112,R113,1:2,2
16150,1,1,1,0,5,3,2,3,R111,R112,R113,4:12:11,2
16170,1,1,0,0,5,3,1,2,R111,R112,R113,00:00,2
16190,1,1,0,0,5,3,2,3,R101,R102,R103,00:00,2
16210,1,1,0,0,5,3,3,6,R101,R102,R103,00:00,2
16230,1,1,0,0,2,3,1,9,R101,R102,R103,00:00,2
16250,0,0,1,0,5,3,1,5,R111,R112,R113,1:2,2
16270,1,1,1,0,5,3,2,3,R111,R112,R113,4:12:11,2
16290,1,1,0,0,5,3,1,2,R111,R112,R113,00:00,2
16310,1,1,0,0,5,3,2,3,R101,R102,R103,00:00,2
16330,1,1,0,0,5,3,3,6,R101,R102,R103,00:00,2
16350,1,1,0,0,2,3,1,9,R101,R102,R103,00:00,2
16370,0,0,1,0,5,3,1,5,R111,R112,R113,1:2,2
16390,1,1,1,0,5,3,2,3,R111,R112,R113,4:12:11,2
16410,1,1,0,0,5,3,1,2,R111,R112,R113,00:00,2
16430,1,1,0,0,5,3,1,2,R111,R112,R113,00:00,2
16450,1,1,0,0,5,3,2,3,R101,R102,R103,00:00,2
16470,1,1,0,0,5,3,3,6,R101,R102,R103,00:00,2
16490,1,1,0,0,2,3,1,9,R101,R102,R103,00:00,1
16510,0,0,1,0,5,3,1,5,R111,R112,R113,1:2,1
16530,1,1,1,0,5,3,2,3,R111,R112,R113,4:12:11,1
16550,1,1,0,0,5,3,1,2,R111,R112,R113,00:00,1
16570,1,1,0,0,5,3,1,2,R111,R112,R113,00:00,1
16590,1,1,0,0,5,3,1,2,R111,R112,R113,00:00,1
16610,1,1,0,0,5,3,2,3,R101,R102,R103,00:00,1
16630,1,1,0,0,5,3,3,6,R101,R102,R103,00:00,1
16650,1,1,0,0,2,3,1,9,R101,R102,R103,00:00,1
16670,0,0,1,0,5,3,1,5,R111,R112,R113,1:2,1
16690,1,1,1,0,5,3,2,3,R111,R112,R113,4:12:11,1
16710,1,1,0,0,5,3,1,2,R111,R112,R113,00:00,2
16730,1,1,0,0,5,3,2,3,R101,R102,R103,00:00,2
16750,1,1,0,0,5,3,3,6,R101,R102,R103,00:00,2
16770,1,1,0,0,2,3,1,9,R101,R102,R103,00:00,2
16790,0,0,1,0,5,3,1,5,R111,R112,R113,1:2,2
16810,1,1,1,0,5,3,2,3,R111,R112,R113,4:12:11,2
16830,1,1,0,0,5,3,1,2,R111,R112,R113,00:00,2
16850,1,1,0,0,5,3,2,3,R101,R102,R103,00:00,2
16870,1,1,0,0,5,3,3,6,R101,R102,R103,00:00,2
16890,1,1,0,0,2,3,1,9,R101,R102,R103,00:00,2
16910,0,0,1,0,5,3,1,5,R111,R112,R113,1:2,2
16930,1,1,1,0,5,3,2,3,R111,R112,R113,4:12:11,2
16950,1,1,0,0,5,3,1,2,R111,R112,R113,00:00,2
16970,1,1,0,0,5,3,1,2,R111,R112,R113,00:00,2
16990,1,1,0,0,5,3,2,3,R101,R102,R103,00:00,2
17010,1,1,0,0,5,3,3,6,R101,R102,R103,00:00,2
17030,1,1,0,0,2,3,1,9,R101,R102,R103,00:00,2
17050,0,0,1,0,5,3,1,5,R111,R112,R113,1:2,2
17070,1,1,1,0,5,3,2,3,R111,R112,R113,4:12:11,2
17090,1,1,0,0,5,3,1,2,R111,R112,R113,00:00,2
17110,1,1,0,0,5,3,1,2,R111,R112,R113,00:00,1
17130,1,1,0,0,5,3,1,2,R111,R112,R113,00:00,1
17150,1,1,0,0,5,3,2,3,R101,R102,R103,00:00,1
17170,1,1,0,0,5,3,3,6,R101,R102,R103,00:00,1
17190,1,1,0,0,2,3,1,9,R101,R102,R103,00:00,1
17210,0,0,1,0,5,3,1,5,R111,R112,R113,1:2,1
17230,1,1,1,0,5,3,2,3,R111,R112,R113,4:12:11,1
17250,1,1,0,0,5,3,1,2,R111,R112,R113,00:00,1
